frame,time_s,speed_kmh,steering,lat_err
0,0.0,10.0,0.0,0.0
5,0.25,10.74,0.0,0.0
10,0.5,11.44,0.0,0.0
15,0.75,12.04,0.0,0.0
20,1.0,12.52,0.0,0.0
25,1.25,12.85,0.0,0.0
30,1.5,12.99,0.0,0.0
35,1.75,12.95,0.0,0.0
40,2.0,12.73,0.0,0.0
45,2.25,12.33,0.0,0.0
50,2.5,11.8,0.0,0.0
55,2.75,11.14,0.0,0.0
60,3.0,10.42,0.0,0.0
65,3.25,9.68,0.0,0.0
70,3.5,8.95,0.0,0.0
75,3.75,8.29,0.0,0.0
80,4.0,7.73,0.0,0.0
85,4.25,7.32,0.0,0.0
90,4.5,7.07,0.0,0.0
95,4.75,7.0,0.0,0.0
100,5.0,7.12,0.0,0.0
105,5.25,7.42,0.0,0.0
110,5.5,7.88,0.0,0.0
115,5.75,8.48,0.0,0.0
120,6.0,9.16,0.0,0.0
125,6.25,9.9,0.0,0.0
130,6.5,10.65,0.0,0.0
135,6.75,11.35,0.0,0.0
140,7.0,11.97,0.0,0.0
145,7.25,12.47,0.0,0.0
150,7.5,12.81,0.0,0.0
155,7.75,12.98,0.0,0.0
160,8.0,12.97,0.0,0.0
165,8.25,12.77,0.0,0.0
170,8.5,12.4,0.0,0.0
175,8.75,11.87,0.0,0.0
180,9.0,11.24,0.0,0.0
185,9.25,10.52,0.0,0.0
190,9.5,9.77,0.0,0.0
195,9.75,9.04,0.0,0.0
200,10.0,8.37,0.0,0.0
205,10.25,7.8,0.0,0.0
210,10.5,7.36,0.0,0.0
215,10.75,7.09,0.0,0.0
220,11.0,7.0,0.0,0.0
225,11.25,7.1,0.0,0.0
230,11.5,7.37,0.0,0.0
235,11.75,7.81,0.0,0.0
240,12.0,8.39,0.0,0.0
245,12.25,9.07,0.0,0.0
250,12.5,9.8,0.0,0.0
255,12.75,10.55,0.0,0.0
260,13.0,11.26,0.0,0.0
265,13.25,11.89,0.0,0.0
270,13.5,12.41,0.0,0.0
275,13.75,12.78,0.0,0.0
280,14.0,12.97,0.0,0.0
285,14.25,12.98,0.0,0.0
290,14.5,12.8,0.0,0.0
295,14.75,12.45,0.0,0.0
300,15.0,11.95,0.0,0.0
305,15.25,11.33,0.0,0.0
310,15.5,10.62,0.0,0.0
315,15.75,9.87,0.0,0.0
320,16.0,9.14,0.0,0.0
325,16.25,8.45,0.0,0.0
330,16.5,7.86,0.0,0.0
335,16.75,7.41,0.0,0.0
340,17.0,7.12,0.0,0.0
345,17.25,7.0,0.0,0.0
350,17.5,7.07,0.0,0.0
355,17.75,7.33,0.0,0.0
360,18.0,7.75,0.0,0.0
365,18.25,8.31,0.0,0.0
370,18.5,8.97,0.0,0.0
375,18.75,9.7,0.0,0.0
380,19.0,10.45,0.0,0.0
385,19.25,11.17,0.0,0.0
390,19.5,11.82,0.0,0.0
395,19.75,12.35,0.0,0.0
400,20.0,12.74,0.0,0.0
405,20.25,12.96,0.0,0.0
410,20.5,12.99,0.0,0.0
415,20.75,12.84,0.0,0.0
420,21.0,12.51,0.0,0.0
425,21.25,12.03,0.0,0.0
430,21.5,11.41,0.0,0.0
435,21.75,10.72,0.0,0.0
440,22.0,9.97,0.0,0.0
445,22.25,9.23,0.0,0.0
450,22.5,8.54,0.0,0.0
455,22.75,7.94,0.0,0.0
460,23.0,7.46,0.0,0.0
465,23.25,7.14,0.0,0.0
470,23.5,7.01,0.0,0.0
475,23.75,7.05,0.0,0.0
480,24.0,7.28,0.0,0.0
485,24.25,7.68,0.0,0.0
490,24.5,8.23,0.0,0.0
495,24.75,8.88,0.0,0.0
