speed_km_h,throttle,steering,lateral_error,lane_heading_deg
70.00000076293952,-3.2213002072012385e-08,0.0,0.0,0.0
70.00000076293945,-3.2636852886014365e-08,0.0,0.0,0.0
70.00000076293948,-3.306071170783298e-08,0.0,0.0,0.0
70.00000076293945,-3.3484564475827486e-08,0.0,0.0,0.0
70.00000076293945,-3.39084204412643e-08,0.0,0.0,0.0
70.00000076293955,-3.43322819631453e-08,0.0,0.0,0.0
70.00000076293964,-3.4756141047864726e-08,0.0,0.0,0.0
70.00000076294302,-3.5180231165554686e-08,0.0,0.0,0.0
70.0000007629499,-3.560447502337638e-08,-1.4324188232421875e-06,9.5367431640625e-07,0.0
70.00000076299862,-3.603155632703192e-08,-2.6292800903320314e-06,2.384185791015625e-06,0.0
70.00000076320559,-3.646857924621827e-08,-6.217002868652344e-06,5.7220458984375e-06,0.0
70.00000076398028,-3.694106123930396e-08,-1.2559413909912109e-05,1.2159347534179688e-05,0.0
70.00000076744875,-3.758676851361997e-08,-2.6200294494628905e-05,2.5510787963867188e-05,0.0
70.00000078243636,-3.8965914647803855e-08,-5.4798126220703126e-05,5.340576171875e-05,0.0
70.00000084553247,-4.3401007225440934e-08,-0.0001133131980895996,0.00011086463928222656,0.0
70.0000011130499,-6.08442983605073e-08,-0.0002340540885925293,0.00022935867309570312,0.0
70.00000224960111,-1.3359020382353037e-07,-0.00048235988616943364,0.00047326087951660156,0.0
70.00000707835495,-4.412818845480615e-07,-0.0009946470260620117,0.0009760856628417969,0.0
70.00002756498401,-1.7451462859483513e-06,-0.0020500974655151367,0.0020122528076171875,0.0
69.99997717873025,2.3356506263922938e-06,-0.004224424362182617,0.004147052764892578,0.0
69.99975589919238,1.6438278599828494e-05,-0.00870423412322998,0.008545398712158203,0.0
69.99882454874266,7.56217678111355e-05,-0.0179359712600708,0.017608642578125,0.0
69.9949850122744,0.00031917150323974397,-0.036961151123046876,0.0362858772277832,0.0
69.97838586647129,0.0013772440229649872,-0.07616174983978272,0.07477140426635742,0.0
69.9122739520179,0.005555998503241759,-0.15311900806427003,0.15153121948242188,0.0
69.75637009715834,0.014681562968585082,-0.2869950542449951,0.2915663719177246,0.0
69.42806400995579,0.03346767638379873,-0.4717352247238159,0.5074067115783691,0.0
68.86487848559014,0.06408879177268187,-0.6,0.802708625793457,0.0
68.14207275868033,0.09967177337643915,-0.6,1.1770942211151123,0.0
67.4236151529171,0.13091805072199264,-0.6,1.628564715385437,0.0
66.71912072419067,0.16170682993224297,0.6,-1.3444244861602783,0.0
66.05650309570225,0.19034348494837014,-0.19694270920753482,-0.7661737203598022,0.0
65.90268229294952,0.18489572751877062,-0.49393268311023714,-0.18243664503097534,0.0
65.4003702504169,0.2180610580346174,-0.6,0.4516952335834503,0.0
64.54818820589747,0.26631603871928433,-0.6,1.1405212879180908,0.0
63.894723432923776,0.291415633698627,-0.6,1.8918479681015015,0.0
63.233767712919494,0.32292255516469975,-0.6,2.7162399291992188,0.0
62.737034412867665,0.34309302299436434,-0.6,3.6001555919647217,0.0
62.680223737391366,0.33730660393578366,-0.6,4.53920841217041,0.0
62.033161002780034,0.38508946340790673,-0.6,5.499775409698486,0.0
60.65256891326897,0.46818296648848856,-0.6,6.5012898445129395,0.0
59.621777116854965,0.5071816292436793,-0.6,7.576297760009766,0.0
58.83338901797323,0.5395013700889806,-0.6,8.721969604492188,0.0
58.14618574099302,0.5719096028320065,-0.6,9.922980308532715,0.0
57.492763587031504,0.5992854659281737,-0.6,11.159383773803711,0.0
56.73227109944105,0.6339468288452463,-0.6,12.42648696899414,0.0
55.87213622875956,0.6725536257650598,-0.6,13.72206974029541,0.0
54.96456614270151,0.7116866908890496,-0.6,15.04137897491455,0.0
54.02963262028969,0.7514023497771464,-0.6,16.37953758239746,0.0
53.09771612236768,0.7901483976214023,-0.6,17.73181915283203,0.0
52.18968476103976,0.8273195616602299,-0.6,19.093645095825195,0.0
51.30539262920002,0.863505644112214,-0.6,20.46067237854004,0.0
50.455005552057685,0.8979966319182165,-0.6,21.828760147094727,0.0
49.654039718826304,0.9299973959719979,-0.6,23.194000244140625,0.0
48.92141121705581,0.9586253243385211,-0.6,24.55282211303711,0.0
48.282738322177096,0.982626816989252,-0.6,25.90212631225586,0.0
47.780689225014,0.9997504238789465,-0.6,27.23952865600586,0.0
47.47370460412522,1.0,-0.6,28.56395721435547,0.0
47.31950120055973,1.0,-0.6,29.875761032104492,0.0
47.22637755535978,1.0,-0.6,31.175065994262695,0.0
47.14625238967304,1.0,-0.6,32.45978546142578,0.0
47.05723002779102,1.0,-0.6,33.726139068603516,0.0
46.935529831263054,1.0,-0.6,34.969322204589844,0.0
46.784709712209306,1.0,-0.6,36.1838493347168,0.0
46.61394832265042,1.0,-0.6,37.36418533325195,0.0
46.432598513720016,1.0,-0.6,38.505104064941406,0.0
46.24714028296844,1.0,-0.6,39.601829528808594,0.0
46.061085378636236,1.0,-0.6,40.65003967285156,0.0
45.87639269407147,1.0,-0.6,41.645774841308594,0.0
45.69437049395777,1.0,-0.6,42.58539581298828,0.0
45.515555394018,1.0,-0.6,43.4655647277832,0.0
45.3398963886122,1.0,-0.6,44.28316879272461,0.0
45.167023297690015,1.0,-0.6,45.035316467285156,0.0
44.996456924015156,1.0,-0.6,45.71934127807617,0.0
44.827775476022985,1.0,-0.6,46.332794189453125,0.0
44.66071831728606,1.0,-0.6,46.87347412109375,0.0
44.49515745185685,1.0,-0.6,47.339439392089844,0.0
44.33106226804668,1.0,-0.6,47.72903823852539,0.0
44.1684051940886,1.0,-0.6,48.04092788696289,0.0
44.00725107870709,1.0,-0.6,48.274070739746094,0.0
43.84762174368722,1.0,-0.6,48.42776870727539,0.0
43.689557345030586,1.0,-0.6,48.501651763916016,0.0
43.5330879084337,1.0,-0.6,48.49567794799805,0.0
43.37822528910817,1.0,-0.6,48.41015625,0.0
43.22497088305029,1.0,-0.6,48.24574279785156,0.0
43.07334999529723,1.0,-0.6,48.003421783447266,0.0
42.92334639741732,1.0,-0.6,47.68452835083008,0.0
42.77497809207454,1.0,-0.6,47.290733337402344,0.0
42.62822432272536,1.0,-0.6,46.82405090332031,0.0
42.483102303148634,1.0,-0.6,46.28681564331055,0.0
42.33960201927778,1.0,-0.6,45.68169021606445,0.0
42.197728568882575,1.0,-0.6,45.01165008544922,0.0
42.05747476336199,1.0,-0.6,44.27997970581055,0.0
41.91883049239507,1.0,-0.6,43.4902458190918,0.0
41.78180842381517,1.0,-0.6,42.64630889892578,0.0
41.64641093993816,1.0,-0.6,41.75228500366211,0.0
41.51263384956121,1.0,-0.6,40.812530517578125,0.0
41.38047128406605,1.0,-0.6,39.8316535949707,0.0
41.24992095750913,1.0,-0.6,38.814449310302734,0.0
41.1210041370902,1.0,-0.6,37.76591110229492,0.0
40.993681890232935,1.0,-0.6,36.691192626953125,0.0
40.86797004648744,1.0,-0.6,35.595603942871094,0.0
40.74386956525256,1.0,-0.6,34.48456573486328,0.0
40.62136277464696,1.0,-0.6,33.363590240478516,0.0
40.500452560824506,1.0,-0.6,32.238250732421875,0.0
40.381147054134196,1.0,-0.6,31.114179611206055,0.0
40.26342338220772,1.0,-0.6,29.99700164794922,0.0
40.14728317144897,1.0,-0.6,28.892337799072266,0.0
40.03272246774039,1.0,-0.6,27.805753707885742,0.0
39.91972949525829,1.0,-0.6,26.742748260498047,0.0
39.808307122678315,1.0,-0.6,25.70871353149414,0.0
39.69843893292155,1.0,-0.6,24.70891571044922,0.0
39.590119026164665,1.0,-0.6,23.748449325561523,0.0
39.483343754623384,1.0,-0.6,22.832233428955078,0.0
39.37812372605466,1.0,-0.6,21.9649658203125,0.0
39.27442814149144,1.0,-0.6,21.151098251342773,0.0
39.17225320924635,1.0,-0.6,20.394817352294922,0.0
39.071591329699864,1.0,-0.6,19.70001983642578,0.0
38.972440049193196,1.0,-0.6,19.070281982421875,0.0
38.87478963985279,1.0,-0.6,18.50884437561035,0.0
38.77861781335237,1.0,-0.6,18.018585205078125,0.0
38.68392932879449,1.0,-0.6,17.602012634277344,0.0
38.59069450886235,1.0,-0.6,17.261232376098633,0.0
38.49891593664002,1.0,-0.6,16.997943878173828,0.0
38.40859884110675,1.0,-0.6,16.813432693481445,0.0
38.31970863312171,1.0,-0.6,16.708545684814453,0.0
38.23223816345545,1.0,-0.6,16.683683395385742,0.0
38.146182387398675,1.0,-0.6,16.738815307617188,0.0
38.061542246622196,1.0,-0.6,16.873451232910156,0.0
37.978299182402004,1.0,-0.6,17.08665657043457,0.0
37.89643105961916,1.0,-0.6,17.377050399780273,0.0
37.815925592331695,1.0,-0.6,17.742809295654297,0.0
37.736778538304605,1.0,-0.6,18.18166732788086,0.0
37.6589744746343,1.0,-0.6,18.690942764282227,0.0
