experiment_id,kp_steer,ki_steer,kd_steer,look_dist_base,look_dist_scale,max_steer,description
E01_baseline,0.8,0.08,0.15,8.0,0.3,0.6,基线参数（当前工作版本）
E02_high_kp,1.5,0.08,0.15,8.0,0.3,0.6,高比例增益（转向更猛）
E03_low_kp,0.3,0.08,0.15,8.0,0.3,0.6,低比例增益（转向更柔）
E04_high_ki,0.8,0.3,0.15,8.0,0.3,0.6,高积分增益（更快消除偏差）
E05_no_ki,0.8,0.0,0.15,8.0,0.3,0.6,无积分项（纯PD）
E06_high_kd,0.8,0.08,0.5,8.0,0.3,0.6,高微分增益（强阻尼）
E07_short_lookahead,0.8,0.08,0.15,4.0,0.3,0.6,短前瞻距离（反应快但易振荡）
E08_long_lookahead,0.8,0.08,0.15,15.0,0.3,0.6,长前瞻距离（平滑但切弯）
E09_high_speed_scale,0.8,0.08,0.15,8.0,0.6,0.6,高速前瞻系数（高速更提前转弯）
E10_tight_steer,0.8,0.08,0.15,8.0,0.3,0.3,小最大转向角（保守转向）
E11_loose_steer,0.8,0.08,0.15,8.0,0.3,1.0,大最大转向角（激进转向）
E12_aggressive,1.5,0.2,0.3,6.0,0.4,0.8,激进组合（高增益+短前瞻）
E13_conservative,0.4,0.05,0.1,12.0,0.2,0.4,保守组合（低增益+长前瞻）
E14_no_kd,0.8,0.08,0.0,8.0,0.3,0.6,无微分项（纯PI）
E15_very_high_kp,3.0,0.08,0.15,8.0,0.3,0.6,极高比例增益（测试极限）
