experiment_id,description,kp_steer,ki_steer,kd_steer,look_dist_base,look_dist_scale,max_steer,laps,max_lat_err,avg_lat_err
E01_baseline,基线参数（当前工作版本）,0.8,0.08,0.15,8.0,0.3,0.6,1,1.1262546994390101,0.20485661691652213
E02_high_kp,高比例增益（转向更猛）,1.5,0.08,0.15,8.0,0.3,0.6,1,1.1914143465755798,0.19946737701187203
E03_low_kp,低比例增益（转向更柔）,0.3,0.08,0.15,8.0,0.3,0.6,1,1.4129638671875,0.22773146417457937
E04_high_ki,高积分增益（更快消除偏差）,0.8,0.3,0.15,8.0,0.3,0.6,1,1.3637312109364377,0.23033828316848057
E05_no_ki,无积分项（纯PD）,0.8,0.0,0.15,8.0,0.3,0.6,1,0.6191223294341451,0.09824318696403772
E06_high_kd,高微分增益（强阻尼）,0.8,0.08,0.5,8.0,0.3,0.6,1,1.3291015625,0.2215050960971432
E07_short_lookahead,短前瞻距离（反应快但易振荡）,0.8,0.08,0.15,4.0,0.3,0.6,1,0.8177388867565492,0.13497880574847554
E08_long_lookahead,长前瞻距离（平滑但切弯）,0.8,0.08,0.15,15.0,0.3,0.6,1,2.37179664507588,0.4500752108400382
E09_high_speed_scale,高速前瞻系数（高速更提前转弯）,0.8,0.08,0.15,8.0,0.6,0.6,1,2.3958394605482978,0.42618153594344904
E10_tight_steer,小最大转向角（保守转向）,0.8,0.08,0.15,8.0,0.3,0.3,1,1.1264304546328487,0.2048942956984002
E11_loose_steer,大最大转向角（激进转向）,0.8,0.08,0.15,8.0,0.3,1.0,1,1.1267540047551812,0.20481272383375373
E12_aggressive,激进组合（高增益+短前瞻）,1.5,0.2,0.3,6.0,0.4,0.8,1,1.30896529337362,0.22229290479396155
E13_conservative,保守组合（低增益+长前瞻）,0.4,0.05,0.1,12.0,0.2,0.4,1,1.5402786044487533,0.2732626493156267
E14_no_kd,无微分项（纯PI）,0.8,0.08,0.0,8.0,0.3,0.6,1,1.1970015029713494,0.20904544641264966
E15_very_high_kp,极高比例增益（测试极限）,3.0,0.08,0.15,8.0,0.3,0.6,1,1.2174858944830498,0.2010209921460908
